config,target_openness,target_conscientiousness,target_extraversion,target_agreeableness,target_neuroticism,measured_openness,measured_conscientiousness,measured_extraversion,measured_agreeableness,measured_neuroticism
e3_O2_A2,0.2,0.5,0.5,0.2,0.5,1.6666666666666667,2.9583333333333335,2.4166666666666665,1.625,2.875
e3_O2_A5,0.2,0.5,0.5,0.5,0.5,2.2083333333333335,3.0833333333333335,2.6666666666666665,3.0416666666666665,2.9583333333333335
e3_O2_A8,0.2,0.5,0.5,0.8,0.5,2.1666666666666665,3.2083333333333335,2.5833333333333335,4.458333333333333,2.9583333333333335
e3_O5_A2,0.5,0.5,0.5,0.2,0.5,2.75,3.0,2.6666666666666665,1.4166666666666667,2.9583333333333335
e3_O5_A5,0.5,0.5,0.5,0.5,0.5,3.142857142857143,3.3636363636363638,3.1363636363636362,3.4545454545454546,2.8181818181818183
e3_O5_A8,0.5,0.5,0.5,0.8,0.5,3.380952380952381,3.5625,3.05,4.416666666666667,2.7916666666666665
e3_O8_A2,0.8,0.5,0.5,0.2,0.5,4.208333333333333,2.5833333333333335,2.625,1.3043478260869565,2.5833333333333335
e3_O8_A5,0.8,0.5,0.5,0.5,0.5,4.157894736842105,3.25,2.823529411764706,3.4444444444444446,2.789473684210526
e3_O8_A8,0.8,0.5,0.5,0.8,0.5,4.3478260869565215,3.357142857142857,2.8666666666666667,4.6521739130434785,2.6818181818181817
