config,pol_var__mean,pol_var__std,pol_var__count,pol_extremity__mean,pol_extremity__std,pol_extremity__count,pol_assort__mean,pol_assort__std,pol_assort__count,pol_ei__mean,pol_ei__std,pol_ei__count,crosscut_rate__mean,crosscut_rate__std,crosscut_rate__count,CI_accuracy_z__mean,CI_accuracy_z__std,CI_accuracy_z__count,CI_hidden_profile_rate__mean,CI_hidden_profile_rate__std,CI_hidden_profile_rate__count,CI_medrelerr_z__mean,CI_medrelerr_z__std,CI_medrelerr_z__count,CI_diversity__mean,CI_diversity__std,CI_diversity__count,CI_mean_gain_vs_pre__mean,CI_mean_gain_vs_pre__std,CI_mean_gain_vs_pre__count,trait_drift_mean__mean,trait_drift_mean__std,trait_drift_mean__count,POL_composite__mean,POL_composite__std,POL_composite__count,CI_composite__mean,CI_composite__std,CI_composite__count,pol_bimodality__mean,pol_bimodality__std,pol_bimodality__count,filler_variance__mean,filler_variance__std,filler_variance__count,distinct2__mean,distinct2__std,distinct2__count,self_bleu3__mean,self_bleu3__std,self_bleu3__count,runtime_s__mean,runtime_s__std,runtime_s__count
e1_agreeableness_high,0.7983749999999995,0.10966447530014958,8,1.4925000000000002,0.07270291799999695,8,-0.0267379448378065,0.02717308060169661,8,0.5351878347845503,0.08679538683383924,8,0.049294726393095255,0.030958513772243047,8,-0.12312419705475067,0.15778284388389216,8,0.11187499999999988,0.029024312468785923,8,-0.24052027198595854,0.23725486561456383,8,0.16183826521929653,0.026780257401955346,8,0.010457536090187626,0.051892559560815565,8,0.3291912808900339,0.01092879032720085,8,0.13156823282614546,0.17810659587045347,8,-0.15265582709373146,0.6638703831280885,8,0.7501769857749602,0.07087319673564045,8,1.6501874999999993,0.2941489439892657,8,0.5317765192611513,0.054357685338552675,8,0.3297775464350089,0.06658282715635666,8,195.8375,5.595645628522238,8
e1_agreeableness_low,1.0570312499999996,0.1672672304545292,8,1.376875,0.056753697173462965,8,-0.033276459206462314,0.040906696905578674,8,0.5980133958797119,0.13137025668365113,8,0.16674287337284488,0.04752947067447276,8,0.10094981473697665,0.06074613218787758,8,0.15062499999999976,0.032561754515732816,8,-0.11234252277518166,0.06911022624788628,8,0.1685756222304996,0.018121896494721124,8,0.010257864049617751,0.048886604309649646,8,0.35512821155441615,0.009244999963214266,8,0.10915033359228685,0.26795964304856895,8,0.9071224368397711,0.23930833107580762,8,0.5382661973985433,0.03784214550269985,8,1.0120749999999998,0.4928218419034843,8,0.5720519536855703,0.03256687833585534,8,0.26719972531755876,0.05725177239745843,8,190.875,4.3715802961531285,8
e1_conscientiousness_high,1.1162187499999998,0.1383754156981754,8,1.495625,0.056910801134005116,8,0.005061620099048688,0.030024703277473475,8,0.45196086727715784,0.06809522644552961,8,0.09807046888936688,0.03123805754424742,8,-0.10234162073645742,0.09891080735094422,8,0.13749999999999987,0.02434865792722772,8,-0.12322775724751737,0.08230662974416887,8,0.162560944523865,0.021547969824214808,8,0.018029625150641125,0.0440547836978405,8,0.3318495148317978,0.0078100845632904006,8,0.42723150531482346,0.2621728539830171,8,0.1250976603118449,0.31571912384013756,8,0.726981033290759,0.031014188792745645,8,0.8471499999999998,0.23392849334786034,8,0.5033950837308538,0.043878187447250916,8,0.34828733325869277,0.0564299958947365,8,201.3125,3.6856623750497164,8
e1_conscientiousness_low,1.2434187499999998,0.2074958707635612,8,1.2406249999999999,0.07058113365887109,8,-0.016703881404799562,0.039853641588675055,8,0.3787563603164826,0.10397666903811295,8,0.24753071584086914,0.05225945238713603,8,0.17601350690105624,0.08829987299027049,8,0.10500000000000001,0.016475089420958284,8,-0.04524563254855543,0.09271078868332129,8,0.14977939907851012,0.02535884389531522,8,0.008530846892975624,0.040016286229807546,8,0.352551774083102,0.019905963813193598,8,-0.1170786772917643,0.3250822260480489,8,0.7847486408190113,0.3199300460641374,8,0.5636663964907472,0.06889523666571364,8,1.8973499999999999,0.23450968301665387,8,0.5459052292124956,0.06285361427501503,8,0.306738622130702,0.06786367458826262,8,181.9375,5.035286202675794,8
e1_extraversion_high,1.0580624999999997,0.13346792485194978,8,1.355,0.046136443605586115,8,-0.022891317182555816,0.03795760697641836,8,0.5048205300902121,0.08250216970873818,8,0.12156021972024664,0.04675024157781538,8,0.005086343723075839,0.08681099340702805,8,0.091875,0.01730761599494775,8,-0.10291650277889546,0.0913732250524812,8,0.15659680502999984,0.016642820585539224,8,-0.0035075421441867526,0.06350714022220769,8,0.28136327213123563,0.01406994400196786,8,0.04876564736441978,0.3280177658947191,8,0.1102024374686407,0.30718344760657323,8,0.6958871932903107,0.04023309335456113,8,2.2749374999999996,0.259194769223565,8,0.49239989766794867,0.05171424238733978,8,0.3647595269722437,0.0705166033327932,8,194.2125,5.355487839590339,8
e1_extraversion_low,1.1371937499999998,0.12159012658899794,8,1.325625,0.05123039694779429,8,0.012543063203170314,0.019042534200900095,8,0.5305518903533681,0.05967707268132562,8,0.1782038176378179,0.028339246994464714,8,0.07086873073640244,0.11056272848888017,8,0.1562499999999999,0.018273712579237114,8,-0.10898127041216757,0.09706159090329165,8,0.1544096382522797,0.010775807122823283,8,0.015626844260682123,0.05225398882097858,8,0.3617027816403545,0.011421875147330486,8,0.2935832141501244,0.16660164291006344,8,0.8530463351436295,0.40721388997830943,8,0.5559630232800834,0.04206326332308269,8,0.7979124999999996,0.19792978868780725,8,0.5714679631841433,0.05225336981650961,8,0.26276185591064877,0.05218254253554364,8,189.3875,4.542320835369139,8
e1_neuroticism_high,1.5346687499999996,0.08686540877168225,8,1.514375,0.03539950564626574,8,-0.025230440312712377,0.036313951842951206,8,0.49445939359229474,0.04740926515465626,8,0.17618360837378777,0.028400350559399625,8,0.023674459752558583,0.10059230617840857,8,0.13437499999999974,0.01741048534648047,8,-0.1540697778386275,0.0555360468848979,8,0.14806442312139087,0.025109392740327512,8,0.005408827123976124,0.03998995359981542,8,0.34525355355721915,0.012593255560027331,8,0.5348301276000497,0.23916206277998672,8,0.5181290189867517,0.3374734247344712,8,0.6041121529789465,0.062423766577275254,8,0.47977500000000006,0.19666271888693088,8,0.4723496840570597,0.02398390721373653,8,0.386722658961246,0.055698194256210504,8,199.875,4.238513890504553,8
e1_neuroticism_low,1.1201624999999997,0.2180438860642508,8,1.33625,0.07850159234053791,8,-0.006017379448444626,0.03553905135235989,8,0.459713264046142,0.1551433898404086,8,0.13640483392554137,0.04789658191832273,8,-0.02130503024342233,0.15790293755143306,8,0.11624999999999988,0.015979898086569366,8,-0.15285131769183716,0.23085356527384687,8,0.1473467856957284,0.014043921495815766,8,0.027112226380246126,0.06624310686233933,8,0.36714810910007617,0.020819405519430016,8,0.11461081617512818,0.33506153193371324,8,0.2211135913066174,0.6089440982165943,8,0.7005244635134746,0.03166766682506453,8,2.1034749999999995,0.32239621918201355,8,0.5932194363588679,0.03988178480293012,8,0.260851165383631,0.06612472897976256,8,191.675,4.256675429755673,8
e1_norm_baseline,1.2746749999999996,0.23560716700231604,8,1.28,0.07304597378168275,8,-0.028076244857953812,0.04612098519451374,8,0.36900864637089564,0.17965982033665234,8,0.15981241651208677,0.04206657659621615,8,-0.014198202585038348,0.15462501852059005,8,0.12999999999999975,0.030937725468153907,8,-0.048564516603082725,0.19724361343607127,8,0.16000038448788217,0.019763587758606958,8,0.014023320900274625,0.03158832533565523,8,0.3416771511543844,0.015358346902409418,8,-0.11893667402576481,0.3995794451261658,8,0.3567196684348727,0.3857796693373046,8,0.6292045129939011,0.05056103220113052,8,1.5436249999999996,0.37588725798340905,8,0.5867655469984434,0.025767244871562872,8,0.27463682050578425,0.044297763908690585,8,204.1875,34.90388588681782,8
e1_openness_high,0.9568187499999997,0.13326514638520978,8,1.4268750000000001,0.03565083649589647,8,-0.021828084269446317,0.024739374533482513,8,0.4982284686933285,0.06124578225085324,8,0.09681451899030913,0.028734006214525678,8,-0.0906753814301427,0.11684196906315598,8,0.10249999999999987,0.02890872334978303,8,-0.12575746750893962,0.06779342119080577,8,0.15801311027736142,0.028410043205325787,8,0.007625412670491376,0.059019803464612226,8,0.30806173504586276,0.014067711590232956,8,0.1080124326896799,0.18088899876844697,8,-0.12126353906027057,0.46044168894997095,8,0.7384662842920142,0.023003456970409678,8,2.2546249999999994,0.22266985651407756,8,0.4522907009014364,0.040076820912339994,8,0.39066688724257365,0.05100176241521166,8,202.575,2.816659622420053,8
e1_openness_low,1.1746999999999996,0.14327985353346598,8,1.2975,0.04971346468944379,8,-0.04342786764464194,0.030604134607745203,8,0.41884816581869555,0.054287581064193485,8,0.23100425401047914,0.03604545099867284,8,0.09915795622534877,0.08506864189589032,8,0.11125,0.02936835031117683,8,-0.06930300535417078,0.11033744722641793,8,0.15737884178966524,0.016514529028382206,8,0.001669956035508624,0.09828134605442881,8,0.32590692457748077,0.01257912772705202,8,-0.19305319434039186,0.2246660945688759,8,0.5804302604805832,0.4885645931721443,8,0.5392188733435662,0.07976517712891514,8,0.9945874999999997,0.23849576478719386,8,0.5596932742723659,0.03858405306027154,8,0.2928217770757803,0.0372153306421264,8,174.5125,6.567547378696916,8
e1q_agreeableness_high,1.6614399999999996,0.31105998095222737,5,1.154,0.11075874683292514,5,-0.03965112937289481,0.06464098496569992,5,0.1466189601123917,0.1599211742743609,5,0.11808967144386381,0.06583423358482669,5,0.06499548798597182,0.1479280031148661,5,0.002,0.0027386127875258306,5,0.3634175502751774,0.09167447909091901,5,0.2724879179593258,0.027088764521333106,5,0.0082606706631626,0.017796160612230626,5,0.2261361195138388,0.01756315571668346,5,-0.40064416251098267,0.687110774423466,5,-0.4229505789476008,0.4867979411170748,5,0.5659559842961276,0.046741220458786856,5,1.6737999999999995,0.11413691339790097,5,0.5091778961016716,0.06337135022053553,5,0.3431784479271898,0.070854592341275,5,276.26,11.625102150088827,5
e1q_agreeableness_low,2.2368299999999994,0.19593799593238675,5,1.357,0.09737812896128159,5,-0.0440090711282389,0.020400737705777813,5,-0.0124641507451125,0.0296920268244134,5,0.1323060046321218,0.03793813617956437,5,-0.09619671672104399,0.09379637321747841,5,0.001,0.00223606797749979,5,0.29067803090850475,0.06897992734722153,5,0.276515945297497,0.01772301360645544,5,0.0113495089236284,0.028113231700795042,5,0.293746042805071,0.01074849939042476,5,0.04910109718329993,0.24868774570567262,5,-0.9663998950847421,0.31827923133214164,5,0.6471802856322804,0.04858075875067054,5,1.8952799999999992,0.19065348672395166,5,0.554759707006077,0.024194503578119256,5,0.2782610982357908,0.018380706183999534,5,280.82,1.8185158784019424,5
e1q_conscientiousness_high,1.8921500000000002,0.1430733946266739,5,1.171,0.06831910420958402,5,-0.0461738833916114,0.03826477438488857,5,-0.023029318914773604,0.05698429391552913,5,0.24159407609869224,0.07947228639237713,5,0.17176008646335766,0.0817254442633533,5,0.001,0.0022360679774997894,5,0.10051073577600748,0.3520915469430643,5,0.2431536852139969,0.020683328370805353,5,0.0353635687198202,0.027893796068943596,5,0.2403257191889256,0.02061396778794314,5,-0.45659549504868746,0.4003081811666577,5,-0.07654163976644009,0.2561106140061959,5,0.5585357982442944,0.027505304733353338,5,1.97804,0.2369419401456821,5,0.5096173389146537,0.06730180608635719,5,0.3828599819109432,0.044669895042120815,5,276.44,4.049444406335264,5
e1q_conscientiousness_low,1.8007999999999995,0.18147292842184481,5,1.1720000000000002,0.09660486530190913,5,-0.023781440521040302,0.034983807633176656,5,0.052906624259966006,0.08354970269986203,5,0.192783070156262,0.1251364317116767,5,-0.11419210009636585,0.19079452420621615,5,0.001,0.00223606797749979,5,0.3066897970459336,0.06062854534364983,5,0.2688217096113309,0.022554602122023978,5,0.017081030799423802,0.04040176789326871,5,0.2585766847189578,0.029594081861860726,5,-0.2888051275337145,0.16713797661464183,5,-1.026160797826696,0.6395639584215694,5,0.5666403029869838,0.041795959358044976,5,1.4861999999999997,0.10279803013676898,5,0.5875231054114934,0.03989090000521744,5,0.2791281330417356,0.0396079852815351,5,273.26,13.978841153686533,5
e1q_extraversion_high,1.8295899999999996,0.1259422059914784,5,1.149,0.044073801742078055,5,-0.007576606759177348,0.04444165511950333,5,0.050878292181932704,0.045760683337242015,5,0.1200543067096258,0.039716141630699905,5,0.09917738731474346,0.1316092275222323,5,0.0,0.0,5,0.14242375206538554,0.3671227600530252,5,0.27279770596124764,0.026573996659082895,5,0.0033263944923171995,0.03935975880536758,5,0.2266676336522376,0.026054637213753742,5,-0.20958998149949246,0.3340966417609266,5,-0.3257274810309024,0.43706133300197736,5,0.5471817795046547,0.022221748733112365,5,1.8069599999999995,0.07846717785163418,5,0.5646332231343348,0.05604239258332853,5,0.3020661574235232,0.05954712438049686,5,285.91999999999996,7.793073847975497,5
e1q_extraversion_low,1.9764399999999995,0.20880323692414304,5,1.252,0.08097839217964255,5,-0.024838376591873303,0.047456691430136366,5,-0.006852132709092501,0.0382968036094437,5,0.3066277898065476,0.05060237017012955,5,0.005959472578534919,0.11515614376467322,5,0.001,0.0022360679774997894,5,0.360479830869755,0.010327507858063283,5,0.27265381540002026,0.02135552876797404,5,0.0174753084136098,0.04400596343928457,5,0.22419909285935544,0.019158400512641793,5,-0.1322299956527559,0.4106014713327404,5,-0.6271492125128535,0.3997646051996084,5,0.5980246189165171,0.03421646515259407,5,1.9663399999999995,0.23092575213691557,5,0.5317899392102688,0.05889049492713595,5,0.31794342811897724,0.09382890398998311,5,255.38000000000002,4.651021393199548,5
e1q_neuroticism_high,1.9358599999999995,0.15469210710310988,5,1.366,0.20767763480933615,5,0.0058815622697953995,0.014922142554502468,5,0.13039543003576387,0.16596317322636497,5,0.25706209579893746,0.026638790107297465,5,-0.14787160061976856,0.24038786280267535,5,0.003,0.00447213595499958,5,0.09207090161533422,0.37183127185916165,5,0.26573061159652267,0.032289028499008006,5,-0.003852027453477601,0.02284384619208971,5,0.2528791234225196,0.016403762618137353,5,0.35495012828902456,0.48604561406556346,5,-1.1217154785988894,0.7932734933399513,5,0.6757262991890156,0.08323295779396664,5,1.7526399999999995,0.03811689913935806,5,0.5586013139735533,0.06413500515170384,5,0.3294253314018614,0.09657518689172696,5,274.74,7.324479503691716,5
e1q_neuroticism_low,1.7202399999999998,0.060343448277339715,5,1.126,0.05447476479985935,5,-0.015134490337506301,0.06539650522695321,5,0.0712182703846151,0.05231076667871984,5,0.1559984630858294,0.08282089218607346,5,0.11162936783575383,0.15665965579726182,5,0.001,0.00223606797749979,5,0.13455209157398096,0.39857391403945397,5,0.2581013758207775,0.029864097248867173,5,-0.0068355252546048,0.019288026858058555,5,0.261622867973029,0.03201584751274634,5,-0.3329164194120437,0.4020192780794684,5,-0.27622985716979687,0.520380148426022,5,0.5354305072147636,0.025576433682009386,5,1.7717199999999997,0.1426731474384718,5,0.5721913222611772,0.03849376838656804,5,0.27969324012427044,0.03855184650784539,5,270.15999999999997,10.938601373118946,5
e1q_norm_baseline,1.8623399999999997,0.16866308650679876,5,1.204,0.1036460322443652,5,-0.0254283548085426,0.03491350762852313,5,0.0475179708166376,0.07766219011561121,5,0.22432517628012422,0.1191212532305933,5,0.047327809511290383,0.14354732293651412,5,0.0,0.0,5,0.26864106067482946,0.25456806071593596,5,0.27391833566816215,0.026798354693585658,5,0.004303349654412801,0.020425938311403727,5,0.2265368950605088,0.028903497812110202,5,-0.22039608366902425,0.29102799729585627,5,-0.4979148421833627,0.47670657667905475,5,0.5870105347901575,0.048714391722083535,5,1.7624199999999999,0.1889253476905628,5,0.5711148430016049,0.06082582455526949,5,0.28249945062733384,0.07939043392868392,5,268.86,14.926921986799544,5
e1q_openness_high,1.5844899999999993,0.07786312830859027,5,1.067,0.034387497728098765,5,0.0098301507436851,0.03111096712006205,5,0.10365685309222301,0.05680364487037567,5,0.21112885521654562,0.05606106499603687,5,0.008579996490434064,0.09536461021236549,5,0.0,0.0,5,0.23773814862125553,0.25954629996474454,5,0.25706007581957013,0.018713147839792794,5,0.0014241230578022005,0.032009639686830675,5,0.22204483050897023,0.030339242762471474,5,-0.3108867298855496,0.24216815385922905,5,-0.6265925278490281,0.31669651471504584,5,0.5311930774979661,0.02263103192807923,5,1.4967599999999996,0.17578453572484748,5,0.6116683481310524,0.04937188231891134,5,0.3152964034866274,0.07150274946574282,5,263.56,23.997770729799022,5
e1q_openness_low,1.8745399999999997,0.07027251774342527,5,1.198,0.033279122584587595,5,-0.04753632788504801,0.043671646676865725,5,-0.009587655348224602,0.07208017755636269,5,0.201140497996224,0.08903209752917328,5,-0.05466398785208726,0.19214419139225408,5,0.0,0.0,5,0.4117688014394461,0.06816100155721291,5,0.2771745120642932,0.03743565834800867,5,-0.004361851337245799,0.032318042616825374,5,0.23852469489438302,0.019874607042860752,5,-0.41870482634536066,0.39789545033572565,5,-0.8366195952628928,0.638092009196691,5,0.573139374870036,0.01607088687773197,5,2.0428399999999995,0.2515583490961884,5,0.520017996031881,0.09361844068201684,5,0.36481943745155665,0.10167331095991845,5,269.36,9.432019932124843,5
e2_diverse,1.5816124999999999,0.14848341838641194,8,1.3725,0.04234214381508273,8,-0.008492922514913188,0.04190911604009907,8,0.33310804207032807,0.1101398311305468,8,0.1804710468951874,0.03896366260955947,8,0.0975647368016373,0.12753338225012859,8,0.12437500000000001,0.023366260780388955,8,-0.027329694417028226,0.122267480435957,8,0.14418577125408572,0.018922376723568803,8,0.0050256395929698765,0.06107858105038373,8,0.3524983585503943,0.014632473453889027,8,0.28209258732288933,0.2523300428306315,8,0.6820531984226131,0.48796901043599183,8,0.6507430421603974,0.0244772414710143,8,1.8704749999999999,0.37743976151358055,8,0.5721971680948086,0.0459806196459191,8,0.29200340885303966,0.06452095718135775,8,191.1375,7.102904335551757,8
e2_homog,0.49150624999999976,0.0966659913512946,8,1.160625,0.038306797233463794,8,-0.02603674321429863,0.037122826013845915,8,0.7026513375534779,0.11109897399877751,8,0.03967397869764588,0.02223487284605286,8,-0.2608298960127891,0.1300344528812575,8,0.095625,0.016783814482155976,8,-0.2569061703767504,0.18835744483015582,8,0.14651199619679656,0.016027073875623653,8,-0.02473450202863775,0.06460791333744699,8,0.3145596985211544,0.012696811623300379,8,-0.3916585336515015,0.25089724610409714,8,-0.7423324887293097,0.5011450225814462,8,0.6370781645182949,0.06796076752492282,8,0.8243874999999998,0.24493009170256855,8,0.5493201511617539,0.044703254045629526,8,0.3113740705343598,0.06819913309454964,8,188.1875,1.5824370896996636,8
e2_human_norm,0.48239374999999957,0.0859383144117254,8,1.608125,0.08843631687749746,8,-0.027138722707735187,0.030353423506430274,8,0.8554898444121718,0.08099138037982594,8,0.02525413038879413,0.025877684904143404,8,-0.2891044190956115,0.11377517437449389,8,0.11562499999999988,0.015454426088156299,8,-0.4417793893799629,0.2331748796552723,8,0.1338646894023424,0.01606350283980778,8,-0.05458104206519825,0.056358325982795054,8,0.2929215481053811,0.005764758851190689,8,0.4561023076002453,0.15243257511779781,8,-0.6733130428073674,0.42916552378822254,8,0.7510447128313741,0.04706175266989629,8,1.9929999999999999,0.353909213540099,8,0.4837691746804246,0.05167821568833647,8,0.37933884486075886,0.07327534852083357,8,204.7625,3.9953320977646576,8
e2_mid,1.2230062499999996,0.11079121753969773,8,1.258125,0.0621597883338922,8,-0.04800277842937757,0.03555737930068378,8,0.3729116902610426,0.1086216035044619,8,0.19213757421024102,0.037279568788112255,8,0.08228165775741565,0.09249920701049325,8,0.12875,0.036718037607071076,8,-0.026281543192265434,0.12175632638923904,8,0.15043660266558273,0.02128755189399144,8,-0.018771055263563378,0.06881782027140142,8,0.33745578436871576,0.014997630979626054,8,-0.30327685287832357,0.28673864044754527,8,0.666937546720213,0.43654160771940115,8,0.6183344195123721,0.029064306242686765,8,1.5543374999999997,0.21151689522183753,8,0.5850033262804949,0.025840026578582153,8,0.27172114030196004,0.025969692153251688,8,192.625,2.155888944926695,8
e2q_diverse,1.9693599999999996,0.21788181544130716,5,1.218,0.09093954035511724,5,-0.0380061127379136,0.05908258975791964,5,-0.018848169039156,0.04540341956200598,5,0.19001493215326962,0.06048726023693598,5,0.0032981370328860754,0.06657399994562523,5,0.0,0.0,5,0.3333469002525638,0.11447812480683602,5,0.267848504427122,0.017679466551898674,5,-0.0029295987913001992,0.02659464130359231,5,0.27016638188364245,0.01852998358956689,5,-0.28468944203552715,0.5759079687573839,5,-0.6441330649276692,0.2210857225386669,5,0.5802744847293206,0.042461841208093876,5,1.76466,0.22704317430832352,5,0.5671014026113139,0.0691936718449316,5,0.3008907993778242,0.0639787586466441,5,279.62,5.716379973374748,5
e2q_homog,1.45366,0.2704064380705459,5,1.016,0.13235369280832324,5,-0.053549382347202,0.054923228030495076,5,0.082293312179652,0.14654727564694137,5,0.16702742249664582,0.1112608512888357,5,0.06196233155962584,0.10079957344367266,5,0.0,0.0,5,-0.2687912166169194,0.06255859623247871,5,0.26284573608670136,0.022449309106152185,5,0.009974582373387001,0.022045788876958947,5,0.1933244893981146,0.02502827785995315,5,-0.8828272629160574,0.31059753882182844,5,-0.44931503018908725,0.33474549440600687,5,0.5005140312797595,0.053451691347224786,5,1.7328800000000002,0.20418345182702732,5,0.5327786555505056,0.05817002035425345,5,0.378090979351151,0.04682453722178119,5,257.34000000000003,7.684269646492117,5
e2q_human_norm,1.4046599999999998,0.18490862743528247,5,1.012,0.07661592523751182,5,-0.0236773332295566,0.05966950766885129,5,0.23858549881638652,0.13012246720424137,5,0.13529293648120602,0.04719449549306402,5,0.0011352136997924255,0.14403343585682046,5,0.0,0.0,5,0.30920880100727505,0.07186047069694868,5,0.25191003523129507,0.021821072993713893,5,-0.013486598306195202,0.019883869802928802,5,0.22958499799181142,0.00519209036448343,5,-0.573847093676036,0.5513643105664328,5,-0.6513159211220291,0.478320909997003,5,0.5050003306848476,0.04876297688554518,5,1.6214799999999994,0.1838874302392639,5,0.5254207608892225,0.05826756878947852,5,0.30358510491718543,0.046987917999094825,5,283.93999999999994,5.487075723917049,5
e2q_mid,1.8199499999999993,0.06700164177092961,5,1.175,0.060827625302982205,5,-0.04350566540420531,0.026468371965445714,5,0.017686792480500996,0.10025232662632845,5,0.18189876848064282,0.05118523561046458,5,0.13146907784088604,0.20041421579682914,5,0.001,0.00223606797749979,5,0.1821672151535303,0.30877741440805334,5,0.2586552141362545,0.03232599459078677,5,0.005255220949929801,0.022212297624095854,5,0.228523735738365,0.03058732945630343,5,-0.43253841325698206,0.31059221688969657,5,-0.21034412662897317,0.6757065488470947,5,0.5715612307445346,0.03832603070900354,5,1.7503800000000003,0.17935211735577583,5,0.5785185233180584,0.03476853152503144,5,0.28516605437902165,0.03757254414233073,5,277.71999999999997,14.038411591059713,5
e3_O2_A2,0.5258624999999997,0.06623377833747031,8,1.43375,0.07115124735378849,8,-0.0037489549251385626,0.04267344721219873,8,0.8466051386878758,0.07778954025284737,8,0.06648602426701675,0.02808893727081563,8,0.18186328730372467,0.03991787196966597,8,0.140625,0.025695677791077186,8,-0.03616276572702711,0.0768768132668884,8,0.166695085563678,0.019230008250603683,8,0.004452604998961251,0.05829175254298386,8,0.3527557391097334,0.017439001731886155,8,0.34185126053770976,0.2951583128230749,8,1.0943699595751557,0.217954423120377,8,0.6515262083592156,0.13047483898724735,8,0.46663749999999976,0.2942508547748236,8,0.5812075595057087,0.026619340373448583,8,0.271698827838644,0.04376949509179496,8,169.5,5.212347976542953,8
e3_O2_A5,1.2663937499999998,0.12245083980783,8,1.309375,0.05328075905722707,8,-0.016718266334555375,0.03323419838012511,8,0.40768276588713925,0.10058399381201312,8,0.25000606076667914,0.06083662523220337,8,0.09819409292696671,0.09410375836430403,8,0.115,0.02577374078952674,8,-0.06363340169029881,0.06727834835809586,8,0.15030812747440542,0.016284853255177926,8,0.00026695925714562575,0.07000429102878294,8,0.33363742506128763,0.022967550729927795,8,0.03271085437180587,0.27566198902029165,8,0.6077761831254407,0.37577365435330423,8,0.5683635409818688,0.05293414456977267,8,0.9507375,0.22686434547984832,8,0.5510877333632079,0.04783667175377321,8,0.31255662155712405,0.062291690504230314,8,172.825,5.505516713780298,8
e3_O2_A8,0.9715187499999997,0.16295729707393555,8,1.399375,0.05960809508783176,8,-0.011282000211972188,0.03680437140537001,8,0.5414920968280539,0.12701190184192337,8,0.08355820997221801,0.041450684816143654,8,0.0385039696521048,0.07562489724873839,8,0.09749999999999988,0.037321001364608884,8,-0.07561559825206957,0.05660441130603182,8,0.14905793131167622,0.019816874817032676,8,0.022047066496251128,0.04621677738023178,8,0.3321020054215654,0.028463405386329837,8,0.18137323212587486,0.3064980114799893,8,0.2669993218710597,0.3682298048004244,8,0.6535338677039633,0.046321062068240604,8,1.3868624999999994,0.16917730291451194,8,0.5561774752238317,0.026595418273582763,8,0.2995700432533964,0.05107578152273267,8,178.5125,3.875725738490787,8
e3_O5_A2,1.1747624999999997,0.1880762644514189,8,1.37875,0.03603074084326164,8,-0.021721042731330565,0.04625979530632353,8,0.5529257817965045,0.13195994057387728,8,0.17680793522570726,0.03489394333047624,8,0.13764594553188572,0.12238260742192307,8,0.16562499999999988,0.03519714882933395,8,0.012427313083965618,0.14870501903977096,8,0.16485762210813948,0.02948170547275512,8,0.030393348639322377,0.08372338177745824,8,0.3608332128425564,0.014507507021462767,8,0.20436850870008236,0.3059452328101681,8,1.1511739595082096,0.5559928499650632,8,0.5705279870425218,0.05270899196169053,8,1.0115499999999995,0.5034055933624209,8,0.5948617153934175,0.028966287614250824,8,0.25881539875342663,0.03603086638219531,8,189.3875,6.5588408165729035,8
e3_O5_A5,1.2290874999999997,0.13312611300674912,8,1.24125,0.05363567576050208,8,-0.016518710036941688,0.044524869225391076,8,0.3448242981150275,0.14568405464591905,8,0.17397409941404202,0.03514397957144731,8,0.04204344518141168,0.0698856234564114,8,0.12312500000000001,0.02491951329494906,8,-0.0183883281316818,0.20473775934760463,8,0.1540101659883424,0.02638897775124963,8,0.001741841208350625,0.038386313817038185,8,0.33475254470139065,0.012875515047800306,8,-0.15607138669847634,0.3953775790899084,8,0.4874901632007853,0.24710399550654374,8,0.6348951947901246,0.050502152268072184,8,1.5839249999999996,0.2261335177658165,8,0.5802162072886536,0.03315627074724775,8,0.2813389296444518,0.050498353440972574,8,192.9375,4.745806419506436,8
e3_O5_A8,0.7742749999999995,0.1296404285486812,8,1.47125,0.04718883039751792,8,-0.03265982329615238,0.04206097445831122,8,0.52187590059652,0.08850515934323662,8,0.059441035967237,0.027154147316247025,8,-0.10685257541329056,0.09773660832885919,8,0.12374999999999987,0.02489262656175237,8,-0.1616454218039475,0.11458629263099064,8,0.1355830035225874,0.02334899594502747,8,0.009109750500715125,0.03752545302650152,8,0.33970690748577054,0.011239217751101527,8,0.034430429975162005,0.3447298651996189,8,-0.0018877773143007523,0.4031128378203589,8,0.747398548103517,0.0487378320877007,8,1.6235874999999997,0.3709755880974997,8,0.5369362969572395,0.04365616272766472,8,0.3086273576601837,0.04276487163237219,8,195.2875,4.444719981538292,8
e3_O8_A2,1.3843437499999998,0.11376674896314322,8,1.371875,0.04284002634386285,8,-0.015838388016997374,0.027261629911884723,8,0.43825695148547317,0.07567891668856432,8,0.1958984902946389,0.04426916612220822,8,0.028977652529184064,0.07530620323775093,8,0.14624999999999977,0.039618718519695256,8,-0.12129637325998213,0.06423322885686537,8,0.15000155527302972,0.02136521357094814,8,0.018189279573831877,0.06675404930549966,8,0.33450999993914676,0.012069262856185968,8,0.23133530529646168,0.23163153264145203,8,0.6324719925701218,0.4982038156729677,8,0.5813307335204807,0.04544048150013625,8,2.0783499999999995,0.339843396707534,8,0.4852070586421743,0.05167264332535846,8,0.3782634265807528,0.09213514651037859,8,202.8875,2.3672995464995883,8
e3_O8_A5,1.0146874999999997,0.13391370288894489,8,1.43875,0.04627171304989072,8,-0.04051130934411594,0.04520445055712111,8,0.4467787017457011,0.09499508228825997,8,0.11548064502727688,0.0328124808594858,8,-0.08270141514649797,0.0822128244414928,8,0.115,0.02521337513531827,8,-0.10229592899654541,0.06555794905253486,8,0.14169873955764586,0.022124383915381452,8,-0.02435900052781725,0.03859600566690142,8,0.3088722486276389,0.020452115653276766,8,-0.010073429216343306,0.3584342741291494,8,0.007039947671868885,0.36884179392412453,8,0.7483189229952162,0.04344022839950203,8,2.201625,0.15057059805951462,8,0.46226027749282766,0.017966010947356746,8,0.4092535341777552,0.0456514587286737,8,201.65,3.1291258478093518,8
e3_O8_A8,0.43939374999999964,0.14287334910307295,8,1.528125,0.06295902862746762,8,-0.01945571406951125,0.02372952754815909,8,0.8129400816005827,0.060268965386154776,8,0.03515498091335076,0.02201521858731137,8,-0.11094347639426422,0.06417888335123086,8,0.09874999999999988,0.020485186285285582,8,-0.12630996634689087,0.09684330996381142,8,0.12610135031630418,0.019314608957455664,8,0.004302739150019377,0.05762297605299049,8,0.2907048306273663,0.01883708773363983,8,0.3125205661750334,0.24544881984533665,8,-0.21911871212136158,0.35967376719195177,8,0.7317313544808491,0.036763187646700744,8,2.3515749999999995,0.15574419273741377,8,0.44460194339519504,0.03507258006429594,8,0.4304103809237574,0.05768595611771586,8,201.9625,3.191478609404382,8
e3q_O2_A2,2.14467,0.21760128273978588,5,1.357,0.1468247254381904,5,-0.0405136446663644,0.040668655047699044,5,0.051394475324872305,0.10513860799150528,5,0.1538725646327564,0.06499713778976556,5,-0.12027218542394154,0.14578945971998242,5,0.0,0.0,5,0.2588809036503728,0.05939571954963813,5,0.2750413246882054,0.023773957023882047,5,-0.007307823917943601,0.029026319471240496,5,0.28793891542851424,0.014736573835918592,5,0.08397330121782201,0.38671389054925065,5,-1.0544979828688668,0.4841524929708274,5,0.6542953381141443,0.06894964732150304,5,1.8862399999999997,0.1308301876479582,5,0.5460557507979683,0.08604709640917918,5,0.3186503871960742,0.1135764117471734,5,274.21999999999997,4.397385586914121,5
e3q_O2_A5,1.8928399999999996,0.09252716763199878,5,1.206,0.0647495173727187,5,-0.0446586455087545,0.03980059344301245,5,-0.015554062503046704,0.046232587550032636,5,0.27955141016730783,0.11838170896417212,5,0.01568002643996832,0.14107612308530962,5,0.0,0.0,5,0.1349555215241463,0.38548708294271095,5,0.27420643124492833,0.021800849806997435,5,0.0157747252337408,0.03557645726576535,5,0.2177464278071458,0.016278097834982068,5,-0.3838497377027096,0.34540637395007295,5,-0.6030140249391678,0.4684999644116947,5,0.5765540351883434,0.03035413035383725,5,2.0428799999999994,0.24767172224539433,5,0.5214529224604585,0.09641175613301455,5,0.36056146591745125,0.1137140285864833,5,261.17999999999995,14.374873912490491,5
e3q_O2_A8,2.0330199999999996,0.15261918539292513,5,1.258,0.05179285665031417,5,-0.0213319505290627,0.04379033948541392,5,0.008962348366529597,0.0653781698753722,5,0.3827569145408766,0.09926168430044885,5,0.02371451629269208,0.20188518644512843,5,0.0,0.0,5,0.3950719528463901,0.10867330645634136,5,0.2562606756579787,0.035866006515358706,5,0.003288981311573999,0.030732804609929953,5,0.23429957894197623,0.011274435098448221,5,-0.054405944574619225,0.3120886056097707,5,-0.5763322723665445,0.6704408981213353,5,0.5953042325286654,0.018460235416354834,5,1.8072799999999998,0.1749645735570489,5,0.5070500147432215,0.0742652971807271,5,0.3060074279249022,0.07523117517768586,5,272.65999999999997,5.457380323928325,5
e3q_O5_A2,2.16551,0.1864239536647584,5,1.299,0.0792464510246357,5,-0.0441931514235223,0.021675770266481896,5,-0.016774813094881002,0.034575016611100226,5,0.10294104586041022,0.03239841785938012,5,-0.010302620108451626,0.16775128186043242,5,0.0,0.0,5,0.26421245259649184,0.06876747621658273,5,0.2583137131529635,0.028455562700604627,5,-0.002545015893968,0.022854587706834257,5,0.2871831012254784,0.014516816844164226,5,-0.08689310985895156,0.23611304353551732,5,-0.689299845083909,0.5570855497220035,5,0.6214342776925081,0.033993248495889646,5,1.8646999999999991,0.2063414887995143,5,0.5434381894196927,0.06534397175179402,5,0.2989494885787066,0.05613892785329791,5,282.2,3.9673668849754704,5
e3q_O5_A5,1.7214199999999997,0.09788909923990516,5,1.114,0.059937467413963975,5,-0.036903071429129804,0.042503416742683896,5,0.0245770130227137,0.09284808544470975,5,0.2153622782446308,0.11674294039513332,5,0.01983570846103174,0.11861971293965,5,0.002,0.0027386127875258306,5,0.07124368781997861,0.3721722442722772,5,0.27802138208728905,0.022817139710649043,5,-0.0082731677554876,0.014859382984159937,5,0.2358219816021486,0.018288668710690004,5,-0.5342776908386602,0.376414366995617,5,-0.5729217763236474,0.40601401358388084,5,0.5358055734936857,0.029670414693970137,5,1.74478,0.166116531386855,5,0.5854649776848209,0.09561019418710921,5,0.32691632680035465,0.07077627094220584,5,272.0,8.598546388779901,5
e3q_O5_A8,1.66251,0.3082291039146046,5,1.139,0.11588787684654518,5,-0.041110015641154206,0.04684994776697641,5,0.1480701012683458,0.08889826685041041,5,0.15519369251751303,0.05988045130219938,5,0.05341298401240552,0.06641119966966125,5,0.001,0.00223606797749979,5,0.34715713395022363,0.08540426323864753,5,0.2712677827718354,0.020184092334668752,5,0.0004887279442198005,0.013792389757510947,5,0.21841319724554342,0.0078454078266455,5,-0.43159961756738474,0.4361291186842723,5,-0.46956075649514384,0.21536902789515336,5,0.5583390934833393,0.051545726674847386,5,1.6728399999999997,0.11684965981978704,5,0.5049240783596198,0.0648682535536434,5,0.3631957216944076,0.06467732525932805,5,275.52,7.301849080883546,5
e3q_O8_A2,2.19323,0.21069878559213392,5,1.309,0.08727829054237947,5,-0.0099207585562757,0.0418795827693812,5,0.012323157747640201,0.0384810849405266,5,0.13073041135810082,0.05237332478114938,5,-0.1938358450816413,0.2921193348566032,5,0.001,0.0022360679774997894,5,0.2613602172181873,0.09401926512382784,5,0.28431176092413796,0.03454741962175547,5,-0.0209579937659068,0.06591739562657309,5,0.31119601298651267,0.009619399821764288,5,0.18845635097214308,0.3650107658041553,5,-1.290649861427148,0.979236295609595,5,0.6206854528344904,0.04228498879513654,5,1.7640199999999997,0.09714065575236815,5,0.6027314202649466,0.06005664161550044,5,0.27058644456704545,0.061714893826203904,5,285.3,8.352843827104628,5
e3q_O8_A5,1.6332499999999999,0.17272797616483562,5,1.099,0.0824166245365581,5,0.0035774467091689993,0.03709551856624546,5,0.1287519489060786,0.03964714129248365,5,0.1980597992793108,0.06846365864942393,5,-0.06602387524681845,0.1930644712240335,5,0.0,0.0,5,0.11389308428591657,0.38671736623707104,5,0.2680589546404757,0.032621508825830786,5,-0.016120691685173803,0.05435139279405147,5,0.26006963277862744,0.016143158988163004,5,-0.2484252094768286,0.416526650193371,5,-0.8743446668324746,0.6411481682334453,5,0.525321754640259,0.03436235104541567,5,1.4914999999999998,0.15625847177033317,5,0.5663918310243516,0.043778750422217017,5,0.3130516367735732,0.08441205227186176,5,281.32,7.755449696826097,5
e3q_O8_A8,0.9120099999999993,0.16229865372208138,5,1.117,0.14889593681494467,5,-0.014383739366541698,0.0421347697403798,5,0.650639570271772,0.15146245137274086,5,0.049356874298198,0.037297802218182866,5,-0.0009379637212885816,0.18328642037850446,5,0.002,0.0027386127875258306,5,0.34871325109469364,0.04531764924650996,5,0.26444921662741255,0.03272224676806371,5,0.010305366365969201,0.035747329452900316,5,0.2390649254089836,0.013166622711319317,5,-0.2106149167563803,0.46112331835449183,5,-0.6419091036280133,0.5978212239830919,5,0.5084025564747561,0.043830772424118966,5,1.1362999999999999,0.10142933500718634,5,0.5621022763608581,0.04244487088588005,5,0.3278577931777844,0.09264171167513346,5,278.1,6.9415416155202925,5
e5_neuroticism_high__er,1.4162833333333331,0.12782255604287276,3,1.5250000000000001,0.0278388218141502,3,-0.009620295967355835,0.02323929177002416,3,0.5280145171319505,0.015066767762398025,3,0.17556884141991036,0.020196087308650697,3,-0.027901356564364755,0.027917528873333288,3,0.10333333333333333,0.025166114784235832,3,-0.14972006056438528,0.03423473054612558,3,0.13276601897780554,0.00939865352648339,3,-0.009722669991368333,0.001009761345560042,3,0.3506032625687527,0.016467445445065752,3,0.6188131956753579,0.1878098735601128,3,0.09399102083662514,0.18971711380072911,3,0.6636652819496837,0.15609075446114215,3,0.6174666666666664,0.2256036642728423,3,0.4801920873885737,0.01601766251720912,3,0.35159754436452273,0.009047527008403172,3,206.0666666666667,0.3785938897200114,3
e5_neuroticism_high__feed,1.4024666666666663,0.154739719636987,3,1.5533333333333335,0.05484827557301458,3,-0.05112959913465634,0.06654053744091372,3,0.505311689659271,0.07979443278506626,3,0.179891168752957,0.03177329280580702,3,0.00764084317095743,0.08558391289148436,3,0.105,0.004999999999999996,3,-0.13697802475399715,0.08962585492822162,3,0.14585283015229267,0.006962426274774833,3,0.01729572913927167,0.022567771672789658,3,0.361797182757819,0.006567413262126087,3,0.3724726349917245,0.6444619239799022,3,0.2255995428688732,0.29625893030482997,3,0.6583684837454994,0.07345756178421455,3,0.560633333333333,0.1819586857870036,3,0.4011153446292657,0.040997357162707984,3,0.46677528661886675,0.037134658782702494,3,246.79999999999998,2.8513154858766487,3
e5_neuroticism_high__mem,1.546833333333333,0.03480934979762382,3,1.57,0.04769696007084739,3,-0.035961182051696336,0.04434942354959322,3,0.49800443645734216,0.07135860825129911,3,0.19730092507691935,0.02694438643879937,3,0.01983573959162716,0.05521016785871953,3,0.10333333333333333,0.023094010767585035,3,-0.13725380876946744,0.01639513382184433,3,0.14396711392289852,0.022625768327611605,3,0.02939995715035967,0.03761356284199434,3,0.3577182789157704,0.014760869095714878,3,0.5654958809779348,0.38205376469304553,3,0.2525212338952566,0.19595867466910677,3,0.6987291033331297,0.14290649795020693,3,0.49289999999999967,0.045846155782136994,3,0.4574526916369927,0.07165079945105882,3,0.3895885331189717,0.07106518298949244,3,197.26666666666665,7.381959992666796,3
e5_neuroticism_high__qwen,1.8354833333333334,0.10339306472550931,3,1.3483333333333334,0.2356020656389357,3,-0.0182039051474075,0.013827700643675951,3,0.2147173361195485,0.04381114560297444,3,0.26284591268541435,0.05876350772293652,3,0.08289477623264577,0.06882444684233231,3,0.0,0.0,3,0.2493378883183809,0.4140633077935559,3,0.24082118596226754,0.014636309938731343,3,0.01252217552832,0.013163646420301213,3,0.2318338999333307,0.012704741708984507,3,0.20379262120898634,0.5307709946000221,3,-0.3798004350195748,0.22855923590123725,3,0.6366061612894423,0.113565783503908,3,1.7528999999999997,0.03725412728812718,3,0.4850398823343154,0.10469708081241906,3,0.37765696230705964,0.1981264748069392,3,267.7,8.022468448052654,3
e5_neuroticism_high__rho_hi,1.5106999999999997,0.11974079296547223,3,1.5533333333333335,0.052519837521962404,3,-0.05220477109903684,0.07359496019834337,3,0.5079616010783125,0.050578905818160144,3,0.189438412315072,0.010240433883106699,3,0.07721842065018893,0.09987805369640283,3,0.12333333333333334,0.023629078131263036,3,-0.11403880371124797,0.04943036046282218,3,0.15396714019942553,0.00602354463356438,3,0.03027317824081067,0.059123573480180665,3,0.376794092170653,0.020977512146445266,3,0.42698382291217435,0.5636202753419027,3,0.6059998513212018,0.5239001351327927,3,0.6528953497260507,0.01123386897008349,3,0.602533333333333,0.22016769366401923,3,0.4687638324505754,0.022171322023978268,3,0.3783262035647687,0.054158231466749,3,269.93333333333334,7.190502995850393,3
e5_neuroticism_high__rho_lo,1.5176833333333326,0.06913975580903714,3,1.5650000000000002,0.040926763859362274,3,-0.03579612620551201,0.061123682742885564,3,0.525206149569549,0.07190574178052216,3,0.154304252657911,0.062154282392556784,3,0.029049447654236882,0.08098761376882288,3,0.09833333333333301,0.012583057392118449,3,-0.18346237587556158,0.037515037637019216,3,0.1516599611198801,0.005231749579323187,3,0.033222663243217,0.05532242913466894,3,0.3201641986707157,0.023728313009921443,3,0.5695668484704606,0.5449041409279152,3,0.24238996365713383,0.2918081368244458,3,0.600077034436666,0.06692038753833075,3,0.617833333333333,0.28554026569528396,3,0.4772927604423644,0.03747645700487059,3,0.4054085860397727,0.06150679783214931,3,147.03333333333333,3.0237945256470993,3
e5_neuroticism_high__temp,1.473083333333333,0.1770311154383127,3,1.545,0.05894913061275809,3,-0.017598416304813,0.014867058039124356,3,0.5147210953884759,0.06329770744608339,3,0.16737770590209733,0.04556467004449317,3,0.033535641382665994,0.057371446854586484,3,0.09166666666666667,0.017559422921421226,3,-0.18503715415231406,0.021532376841646026,3,0.14494727224891268,0.023888580191958126,3,-0.01023074742873467,0.07052015106084131,3,0.36941398576024903,0.017825554720631208,3,0.6179824969429721,0.2929113101882526,3,0.2029827185114326,0.25178948357552666,3,0.6847025678436238,0.13602004747404933,3,0.5196999999999997,0.16242730681754178,3,0.641934672399716,0.02193631718543105,3,0.17328820756045968,0.011195289157617904,3,203.0,3.174901573277511,3
e5_neuroticism_high__ws,1.5264999999999993,0.17258530499437072,3,1.5533333333333335,0.033291640592397045,3,0.0009157376068283327,0.03559750139086433,3,0.5255843806449133,0.07271191260474921,3,0.21992041740012302,0.007067580865036624,3,0.09871131861222726,0.027375434252345426,3,0.11833333333333333,0.02081665999466133,3,-0.10316298602067882,0.10261547280311004,3,0.1455755472344197,0.01061019631501295,3,-0.02727531124941167,0.024222545701792417,3,0.356035962913122,0.012946327468560016,3,0.787437742819856,0.17285913615804815,3,0.6366465660820597,0.14236689971094818,3,0.6672793863752472,0.03323743076915789,3,0.6108666666666667,0.15494826018169203,3,0.47506881977391435,0.03057593073609936,3,0.3851642123967107,0.06151080934705643,3,201.26666666666665,6.310573138260374,3
e5_norm_baseline__er,1.27865,0.15437039061944474,3,1.2783333333333333,0.023629078131263043,3,-0.024627503755040168,0.04748680120188367,3,0.41676601777573724,0.12202044363111075,3,0.20423067670206504,0.07907131622134911,3,0.00831472316850722,0.05370467379390628,3,0.115,0.02179449471770337,3,-0.098963800357731,0.07850349187776029,3,0.160181534903665,0.030871774755754866,3,0.055047076851490344,0.1220083567630796,3,0.3532902892418614,0.007231898125666696,3,-0.050722568017415946,0.3077973906669155,3,0.30929561382513066,0.3486865085817702,3,0.6190386580031837,0.06129013320023875,3,1.4074,0.09291431536636334,3,0.5911353359300128,0.05608839861865004,3,0.2800776336509467,0.0693685007091336,3,197.46666666666667,2.1501937897160097,3
e5_norm_baseline__feed,1.2794166666666666,0.04498636830566943,3,1.2550000000000001,0.06557438524302002,3,-0.03851774039300617,0.03219753188450998,3,0.2551029115166275,0.10461556304796724,3,0.205786941027526,0.056948131431668936,3,-0.0064691080021941445,0.0922184565315495,3,0.11666666666666668,0.01755942292142123,3,-0.16623425270624229,0.05414408731389285,3,0.14777342329891144,0.025851053875665605,3,-0.06172449438071,0.09249097827228811,3,0.34600760997841534,0.031223988457066476,3,-0.33380487167169653,0.4180808686408094,3,0.27377632448283257,0.16474091402828564,3,0.6242550198705311,0.01721193848075677,3,1.716333333333333,0.3534869776007791,3,0.45360286553414936,0.07943148517179183,3,0.4330689094252853,0.052133643998545524,3,230.0666666666667,8.279090127141574,3
e5_norm_baseline__mem,1.3588833333333328,0.07247079296746571,3,1.2883333333333333,0.04536885862938725,3,-0.03652871889290284,0.035829593410424306,3,0.3210795346358235,0.011642361647142743,3,0.184919958321492,0.011119444715709517,3,-0.033142377213357076,0.05827892626610296,3,0.10833333333333334,0.03403429642777023,3,-0.12175671734566595,0.05378277779265916,3,0.13959697840472282,0.02517767625837934,3,-0.03405615228966034,0.08252704360921627,3,0.3495114391774914,0.025208993436007375,3,-0.16046026645364467,0.2704816845082654,3,0.11731519623257315,0.4462291103007103,3,0.660484703077096,0.05231185697564067,3,1.5738333333333332,0.25684011239160703,3,0.603918121491794,0.016592954488997776,3,0.226915745890554,0.06414086924178988,3,195.5,4.331281565541543,3
e5_norm_baseline__qwen,1.7530166666666664,0.11387557171462805,3,1.1416666666666666,0.06331139971074184,3,-0.031939537129677835,0.02593745652338601,3,0.05673887362144934,0.0791851072871437,3,0.19479239467412068,0.08687705516559933,3,0.0024398066674272043,0.1938168020736741,3,0.0016666666666666668,0.002886751345948129,3,0.17315042065350683,0.44245406957471195,3,0.2800115684620427,0.03564336721986603,3,-0.008182490580868668,0.01839210598881437,3,0.23295032789929235,0.00405461048201275,3,-0.4103976037262181,0.13713517122428412,3,-0.6334071322650644,0.6488519678962822,3,0.5597878538461455,0.03223775313350662,3,1.702866666666666,0.2125139132700096,3,0.4985498820206764,0.009188019952738515,3,0.38569993273440467,0.02642302956249868,3,274.53333333333336,4.3466462167208055,3
e5_norm_baseline__rho_hi,1.3812166666666663,0.2048291320426211,3,1.285,0.09848857801796103,3,-0.036078629621732,0.02050141198697801,3,0.29922931614222753,0.051954998563925235,3,0.23048223810638935,0.019975072003006793,3,-0.08265652372851433,0.09784056638554858,3,0.11666666666666665,0.005773502691896256,3,-0.15522936154093644,0.07154511719355205,3,0.15432424182560614,0.01393894238074954,3,0.012729059572787998,0.0710387831921637,3,0.37703723252140103,0.00631484171013644,3,-0.17229641244474325,0.30957425814101763,3,0.02076539126619083,0.30744472798009703,3,0.6240185048208658,0.057470556227492725,3,1.6415333333333333,0.43198213311818023,3,0.6018681449845307,0.06957688583985105,3,0.23306658393308702,0.08029711270178844,3,261.76666666666665,7.912226825194877,3
e5_norm_baseline__rho_lo,1.4421333333333328,0.1162785054656855,3,1.29,0.04769696007084723,3,-0.022924618102264333,0.015037348593288794,3,0.322830583887912,0.1589872316408876,3,0.19348493816436166,0.038163875486623075,3,0.012892722129471972,0.06808372730959017,3,0.11666666666666635,0.030138568866709067,3,-0.018356784038933736,0.149684174946857,3,0.14009298476050938,0.019431696811062424,3,0.04252359927666568,0.04885993635116514,3,0.28041487059351833,0.011924045853141446,3,-0.025285850076554997,0.1037473948837687,3,0.3380750628465539,0.4587517020874155,3,0.6349268705632706,0.013245642461318837,3,1.5456999999999994,0.31312877542634093,3,0.567465724880048,0.0513101165028622,3,0.3129064507312107,0.05060034957973926,3,141.29999999999998,0.6928203230275403,3
e5_norm_baseline__temp,1.270516666666666,0.03765701572527138,3,1.3116666666666668,0.06825198409814416,3,-0.07490724043086568,0.06037218054575757,3,0.32568023558810516,0.03989286082296071,3,0.17128127437616436,0.007784546882394282,3,0.044326385554931125,0.00677937296725548,3,0.11833333333333335,0.015275252316519468,3,-0.10505436208996781,0.06290972423275706,3,0.15582709218713583,0.03136068353535218,3,0.017903426038269336,0.027984192412997048,3,0.3617905940465387,0.018609333348680507,3,-0.4085639903687304,0.31111327055093957,3,0.4560395388640796,0.14079798279524744,3,0.6486277161821947,0.015595735193409599,3,1.5813999999999997,0.3552502638985649,3,0.689788881477555,0.03208256502724935,3,0.123099131295683,0.03818447864499658,3,194.0,1.9697715603592056,3
e5_norm_baseline__ws,1.2351166666666664,0.16259379088185758,3,1.1983333333333335,0.08311638426527788,3,0.03397623339242767,0.018181057999120422,3,0.3905410375259602,0.09812894009196987,3,0.22872901560085135,0.050030999366273865,3,0.024317493257386334,0.13859429338741278,3,0.1366666666666667,0.01258305739211793,3,-0.04750226177366929,0.11581208245060777,3,0.16726496402137633,0.02704964102711854,3,-0.03526973815815434,0.08262682543236566,3,0.343790784380819,0.004557362290658163,3,0.14216386170309792,0.1769416691181713,3,0.5389319701201462,0.38016628754301157,3,0.5879801086771792,0.046026548573043974,3,1.6866999999999994,0.3524061293451066,3,0.5947557769713464,0.03227484474667997,3,0.253148335280983,0.04079987101409794,3,194.4333333333333,5.950070027599112,3
e5_openness_high__er,1.2112166666666664,0.07426624962480172,3,1.4949999999999999,0.015000000000000041,3,-0.008918234952314833,0.03386562357553021,3,0.4364033899871429,0.09275566796849935,3,0.13076703171042733,0.014267340945477073,3,-0.11272040973836171,0.12985462598147984,3,0.09999999999999999,0.02179449471770337,3,-0.2253982583318085,0.0701797226225957,3,0.1674536741928874,0.005063472872653603,3,0.03230309230177533,0.025488614420412798,3,0.3041389792010454,0.006698444382708634,3,0.3743920467618888,0.17459007826498688,3,-0.21483746073056267,0.5912772725901728,3,0.7812895588959338,0.019259699627547186,3,2.3179,0.11337160138235707,3,0.46461835935935203,0.0061312638774981415,3,0.4146480238423464,0.07049663542846388,3,202.16666666666666,2.0207259421636934,3
e5_openness_high__feed,1.1378833333333331,0.17777427635440765,3,1.4383333333333335,0.040414518843273836,3,-0.027625529780823842,0.0640114693994727,3,0.45162104395543584,0.13524332915935874,3,0.09334735818734301,0.012972577326440526,3,0.03358846815007537,0.13656561804903875,3,0.11333333333333334,0.014433756729740645,3,-0.04565224828925953,0.12145847965573761,3,0.14320452860115082,0.008659684402687827,3,-0.03832438163622367,0.021150744731637673,3,0.30267424902420503,0.02429626925274671,3,0.14197150277386963,0.48604148834481287,3,0.37965087781425816,0.34174975021291537,3,0.7174583709970306,0.041292608904709024,3,2.2273333333333336,0.1911854945683206,3,0.37939447013672906,0.11431717299310981,3,0.5066422538104777,0.17860553696396017,3,244.23333333333335,4.315476026272569,3
e5_openness_high__mem,1.2316999999999998,0.2033779916805156,3,1.4800000000000002,0.013228756555322829,3,-0.0560319172563045,0.03578290139269944,3,0.43392262305560475,0.15038658609606242,3,0.11480938880843135,0.019108049727396798,3,-0.002692709863132767,0.059556360250929447,3,0.12000000000000001,0.036055512754639904,3,-0.07640902649223655,0.08816044532536776,3,0.1420044791230297,0.021278709228535735,3,-0.03305450885433734,0.03813315939340606,3,0.31061020354738106,0.0189782141633291,3,0.06255980484280942,0.1797827686394187,3,0.31347009941552645,0.15278788011383174,3,0.7614645962557857,0.02902870097718243,3,1.970933333333333,0.2122113411986588,3,0.47304704026136707,0.06152643754278932,3,0.394950152957347,0.07450548650151845,3,202.70000000000002,3.579106033634656,3
e5_openness_high__qwen,1.6116999999999997,0.2567018650107554,3,1.0733333333333333,0.09385272150200716,3,0.008973167659675834,0.02059532651311815,3,0.139861399040542,0.02485621795721633,3,0.15006304702566334,0.05271353587744052,3,-0.07575888854299168,0.10316288808266906,3,0.0,0.0,3,0.3774411857196971,0.0229885805692581,3,0.28099302074619065,0.02531050679059528,3,0.002261115313803,0.023048537625340423,3,0.2555431446193277,0.010654794420315186,3,-0.255878716234117,0.1540294934699142,3,-0.9066736909299581,0.3425938304677648,3,0.5263253269401301,0.026262118263985754,3,1.3857999999999997,0.14641868050218176,3,0.577759450520441,0.041945976601525506,3,0.3323196294844207,0.027942350876552294,3,278.3,0.45825756949556884,3
e5_openness_high__rho_hi,1.1481666666666661,0.12340231291727559,3,1.406666666666667,0.06251666444503673,3,-0.015102377910190168,0.037011982027896254,3,0.44625713431764186,0.04940408118431342,3,0.11182363670797535,0.04733150961146735,3,-0.05823238912760085,0.06362652640530275,3,0.1366666666666667,0.03214550253664318,3,-0.1605403853823868,0.07506374353409115,3,0.1402507065745461,0.012626412120031464,3,-0.03827072128568567,0.07875113329573526,3,0.31886600997639936,0.016056568293163164,3,0.1709485656748488,0.3737588594082982,3,0.2647919093235414,0.10401188762958202,3,0.7022530943707451,0.025717707461206347,3,2.1236666666666664,0.05926080773439798,3,0.455362220681324,0.00958589087622041,3,0.38963745359427104,0.029680087031895917,3,270.09999999999997,2.2068076490713877,3
e5_openness_high__rho_lo,1.1451166666666666,0.14605738883511998,3,1.4416666666666667,0.08098353742170905,3,-0.02057082856613517,0.041574846383563485,3,0.4547350963997467,0.11129117068470153,3,0.117892979580278,0.03708952719648197,3,0.0027217978641879853,0.18989544176407194,3,0.12166666666666666,0.007637626158259741,3,-0.06360753329485574,0.0521251333661283,3,0.1506763333200415,0.02291864088740941,3,0.026431260181225335,0.06579797542529879,3,0.27217411397510066,0.020362984353081124,3,0.198670013553253,0.2066658823987233,3,0.34502751198384457,0.6609042614163924,3,0.7286527266924324,0.07801917368932602,3,2.0338666666666665,0.2042885540928158,3,0.464444357422912,0.03870919469123686,3,0.46335993087305805,0.03537635644668964,3,145.70000000000002,0.2645751311064588,3
e5_openness_high__temp,1.1264999999999998,0.1441758908417077,3,1.47,0.02291287847477913,3,-0.0321911333197915,0.04385559192115419,3,0.4591512003391192,0.03212211219492218,3,0.08370377124386301,0.011575371412664898,3,-0.008181631793166588,0.029244454586650353,3,0.12666666666666668,0.020207259421636897,3,-0.12524244022378914,0.058968581886307506,3,0.14257771431343516,0.014631987698043079,3,-0.034450262996901335,0.03645108328206792,3,0.3168693239596074,0.012648347124546513,3,0.16464564555283254,0.2808171243424825,3,0.349547382576931,0.2261548132478783,3,0.7469073865510705,0.03412778314880105,3,2.0937999999999994,0.2046828522373081,3,0.6155308590832947,0.049954535078487114,3,0.22901031297828,0.08820117231490106,3,200.46666666666667,2.668957349478137,3
e5_openness_high__ws,1.0056166666666664,0.15596106351693415,3,1.4349999999999998,0.017320508075688724,3,-0.03614343789503067,0.04525838597500918,3,0.4834495701267075,0.08540113605405207,3,0.084381818458886,0.03969761670218116,3,-0.03508355514304246,0.17475652592756846,3,0.11499999999999967,0.020000000000000004,3,-0.05553776037779718,0.031515183272043536,3,0.155217004440278,0.023386432224095092,3,-0.02562218891095,0.06982661433627005,3,0.28990509060272834,0.01799060391025432,3,0.042648603912376494,0.30393859795427935,3,0.16517418916565596,0.478155823481339,3,0.7251621912964508,0.03622259966336743,3,2.044866666666666,0.30197841534343733,3,0.436835076140683,0.018258731103759685,3,0.420659187972348,0.01674660994536139,3,203.0,3.080584360149875,3
scale_n200_norm,1.4552874999999996,0.11645296260722575,3,1.2758333333333334,0.05346338310781802,3,-0.022382162664869837,0.04554336058273499,3,0.26805493638338834,0.05483091533982326,3,0.1892258771080777,0.014959957988482257,3,-0.009381510509718832,0.06860156494889677,3,0.10583333333333333,0.028759056544562338,3,-0.14811593471830262,0.029986704892734493,3,0.1370613342739435,0.008622116004734167,3,-0.014900232857049797,0.020054754407007033,3,0.3368835981012437,0.020971748579365453,3,-0.09107734209651434,0.275084048113109,3,0.1758581580828451,0.3238638974994785,3,0.6543774436756808,0.016762041531558476,3,1.6117249999999992,0.13912275829281082,3,0.6176014702371321,0.029847758693974998,3,0.2549371374961424,0.0627526051290703,3,428.73333333333335,72.36693535955034,3
